{
  "model/models.js.map": 1751471533675,
  "model/models.js": 1751471177600,
  "utils/formatters/NameFormatter.js": 1751389886409,
  "utils/types/EmailType.js": 1751389886413,
  "utils/constants.js": 1751389886405,
  "utils/formatters/RoleFormatter.js": 1751389886409,
  "controller/RoleList.controller.js": 1751442871071,
  "controller/Employee.controller.js": 1751442871071,
  "controller/EmplList.controller.js": 1751442871071,
  "controller/DeptList.controller.js": 1751442871071,
  "controller/App.controller.js": 1751442871071,
  "controller/404.controller.js": 1751442871071,
  "components/BetterToast.js": 1751389869400,
  "manifest.json": 1751438068154,
  "Component.js": 1751389960217,
  "controller/EmplList-dbg.controller.js": 1751442871071,
  "controller/EmplList.controller.js.map": 1751471533675,
  "utils/formatters/NameFormatter-dbg.js": 1751389886409,
  "utils/formatters/NameFormatter.js.map": 1751471533668,
  "utils/types/EmailType-dbg.js": 1751389886413,
  "utils/types/EmailType.js.map": 1751471533670,
  "utils/constants-dbg.js": 1751389886405,
  "utils/constants.js.map": 1751471533667,
  "utils/formatters/RoleFormatter-dbg.js": 1751389886409,
  "utils/formatters/RoleFormatter.js.map": 1751471533670,
  "controller/RoleList-dbg.controller.js": 1751442871071,
  "controller/RoleList.controller.js.map": 1751471533671,
  "controller/Employee-dbg.controller.js": 1751442871071,
  "controller/Employee.controller.js.map": 1751471533680,
  "model/models-dbg.js": 1751471177600,
  "i18n/i18n.properties": 1751372484883,
  "controller/DeptList-dbg.controller.js": 1751442871071,
  "controller/DeptList.controller.js.map": 1751471533672,
  "controller/App-dbg.controller.js": 1751442871071,
  "controller/App.controller.js.map": 1751471533674,
  "controller/404-dbg.controller.js": 1751442871071,
  "controller/404.controller.js.map": 1751471533675,
  "components/BetterToast-dbg.js": 1751389869400,
  "components/BetterToast.js.map": 1751471533677,
  "Component-dbg.js": 1751389960217,
  "Component.js.map": 1751471533678,
  "Component-preload.js": 1751471533769,
  "Component-preload.js.map": 1751471533769,
  "view/fragments/EmplUpdate.fragment.xml": 1751442871071,
  "view/fragments/EmplCreate.fragment.xml": 1751442871071,
  "view/RoleList.view.xml": 1751442871071,
  "view/Employee.view.xml": 1751442871071,
  "view/EmplList.view.xml": 1751442871071,
  "view/DeptList.view.xml": 1751442871071,
  "view/App.view.xml": 1751442871071,
  "view/404.view.xml": 1751442871071,
  "images/brand.jpg": 1751389920577,
  "images/404.jpg": 1751389920573,
  "css/style.css": 1751442871071,
  "index.html": 1751372484879
}